{"Tạo đơn hàng mới":"สร้างคำสั่งซื้อใหม่","Tạo đơn hàng":"สร้างคำสั่งซื้อ","Chuyên mục":"หมวดหมู่","Dịch vụ":"บริการ","Link":"Link ที่ต้องการ","Nhập link":"ใส่ลิงค์ที่ต้องการ","Số lượng":"จำนวน","Nhập số lượng":"กรอกจำนวน","Average time":"เวลาเฉลี่ย","Thời gian trung bình dựa trên 10 đơn hàng hoàn thành với số lượng lớn hơn 1000.":"เวลาเฉลี่ยอิงจากคำสั่งซื้อที่เสร็จสมบูรณ์ 10 รายการ","Tổng tiền thanh toán":"ยอดชำระทั้งหมด","Số dư":"ยอดคงเหลือ","Tổng nạp":"ยอดเติมเงินทั้งหมด","Tổng tiêu":"ยอดใช้จ่ายทั้งหมด","Thông báo mới":"ประกาศใหม่","Tìm kiếm dịch vụ":"ค้นหาบริการ","Chọn chuyên mục":"เลือกหมวดหมู่","Chọn dịch vụ":"เลือกบริการ","Mô tả dịch vụ":"คำอธิบายบริการ","Bạn chắc chứ?":"คุณแน่ใจหรือยังครับ?","Bạn đã kiểm tra kỹ thông tin chưa?":"คุณได้ตรวจสอบข้อมูลอย่างละเอียดแล้วหรือยัง?","Đồng ý":"ตกลง","Hủy":"ยกเลิก","Trường Link không được để trống!":"ช่อง Link ไม่สามารถเว้นว่างได้!","Dịch vụ không tồn tại!":"บริการไม่มีอยู่จริง!","Số lượng mua phải từ ":"Số lượng mua phải từ "," đến ":" đến ","Số lượng mua phải từ phải nhỏ hơn ":"Số lượng mua phải từ phải nhỏ hơn ","Đang xử lý...":"กำลังทำรายการ...","Vui lòng không tắt trang này để tránh mất tiền!":"โปรดอย่าปิดการใช้งานหน้านี้อาจจะสูญเสียเงิน","Chọn loại tiền tệ":"เลือกสกุลเงิน","Không có loại tiền tệ thay thế":"ไม่มีสกุลเงินอื่น","Truy cập trang quản trị":"เข้าสู่หน้าผู้ดูแล","Nạp tiền":"เติมเงิน","Tài khoản":"บัญชี","Đăng xuất":"ออกจากระบบ","Sản phẩm & dịch vụ":"สินค้าและบริการ","Bảng thống kê":"ตารางสถิติ","Danh sách dịch vụ":"รายการบริการ","Khu vực khách hàng":"พื้นที่ลูกค้า","Thẻ cào":"บัตรขูด","Tiền mã hoá":"เงินดิจิทัล","Chuyển khoản":"โอนเงิน","Thông tin":"ข้อมูล","Dòng tiền":"กระแสเงินสด","Quản lý đơn hàng":"การจัดการรายการสั่งซื้อ","Liên kết chung":"ลิงค์ทั่วไป","Tài liệu API":"เอกสาร API","Quy định sử dụng dịch":"ระเบียบการใช้บริการ","Thành công":"สำเร็จ","Thất bại":"ล้มเหลว","per 1000":"\/1,000","đến":"มาถึง","Số lượng mua phải từ phải nhỏ hơn":"จำนวนสั่งซื้อต้องน้อยกว่า","Số lượng mua phải từ":"จำนวนสั่งซื้อต้องจาก","Truy cập trang khách hàng":"Truy cập trang khách hàng","Bảng Điều Khiển":"Bảng Điều Khiển","Quản lý Dịch Vụ":"การจัดการบริการ","Quản lý API SMM":"Quản lý API SMM","Quản lý Chuyên mục":"Quản lý Chuyên mục","Quản lý Đơn hàng":"การจัดการคำสั่งซื้อ","Lịch Sử Nạp Thẻ":"Lịch Sử Nạp Thẻ","Lịch Sử Giao Dịch":"ประวัติการทำธุรกรรม","Lịch Sử Nhận Tiền":"ประวัติการรับเงิน","Lịch Sử Hoạt Động":"ประวัติการดำเนินงาน","Tài Khoản Ngân Hàng":"บัญชีธนาคาร","Quản Lý Tin Tức":"Quản Lý Tin Tức","Quản Lý Giới Thiệu":"Quản Lý Giới Thiệu","Quản Lý Hoá Đơn":"การจัดการใบแจ้งหนี้","Quản Lý Thành Viên":"Quản Lý Thành Viên","Cài Đặt Hệ Thống":"Cài Đặt Hệ Thống","Cấu Hình API Key":"Cấu Hình API Key","Quản Lý Bản Dịch":"Quản Lý Bản Dịch","Cài Đặt Thông Báo":"Cài Đặt Thông Báo","Cài Đặt Loại Tiền Tệ":"Cài Đặt Loại Tiền Tệ","Quản lý loại tiền tệ":"Quản lý loại tiền tệ","Chưa hỗ trợ!":"ยังใช้งานไม่ได้","Dịch tự động với API":"Dịch tự động với API","Nạp Tiền Tài Khoản Bằng Chuyển Khoản":"เติมเงินบัญชีโดยโอนเงินผ่านธนาคาร","Nạp tiền tài khoản":"เติมเงินเข้าบัญชี","Hướng dẫn nạp tiền":"แนะนำในการฝากเงิน","Lịch sử nạp tiền":"ประวัติการฝากเงิน","Số tiền":"จำนวน","Số dư trước":"ยอดก่อนหน้า","Số dư sau":"ยอดคงเหลือตามมา","Nội dung":"เนื้อหา","Thời gian":"เวลา","Loại tiền tệ không có thay đổi":"Loại tiền tệ không có thay đổi","Trang chủ":"หน้าแรก","Dịch vụ :name":"บริการ :name","Điều khoản":"ข้อกำหนด","Sử dụng ngay":"ปั้มไลค์เลย","Bắt đầu ngay":"เริ่มเลย","Xem thêm":"ดูเพิ่มเติม","Tổng thành viên":"Tổng thành viên","Đăng ký hôm nay":"ลงทะเบียนวันนี้","Tổng số dư":"ยอดรวม","Tổng tiền nạp":"ยอดรวมเงินฝาก","Nạp Hôm Nay":"เติมเงินวันนี้","Nạp Tháng :month":"เริ่มตั้งแต่เดือน :month","Tổng Đơn Hàng":"การสั่งซื้อทั้งหมด","Đơn Hàng Tuần Này":"ออเดอร์ประจำสัปดาห์นี้","Đơn Hàng Hôm Nay":"ออเดอร์วันนี้","Đơn hàng tháng :month":"ออเดอร์ประจำเดือน :month","Đơn hàng chờ xử lý":"คำสั่งซื้อที่รอดำเนินการ","Tổng thanh toán":"ยอดชำระทั้งหมด","Tổng Doanh Thu":"รายได้รวม","Tổng Lợi Nhuận":"รวมกำไร","Doanh thu tháng :month":"รายได้ต่อเดือน :month","Lợi nhuận tháng :month":"กำไรรายเดือน :month","Doanh thu hôm nay":"รายได้วันนี้","Lợi nhuận hôm nay":"กำไรวันนี้","Thống Kê Thành Viên":"Thống Kê Thành Viên","Thống Kê Đơn Hàng":"สถิติการสั่งซื้อ","Thống Kê Lợi Nhuận":"Thống Kê Lợi Nhuận","PHÂN TÍCH ĐƠN HÀNG":"PHÂN TÍCH ĐƠN HÀNG","PHÂN TÍCH DÒNG TIỀN":"PHÂN TÍCH DÒNG TIỀN","Lợi nhuận":"กำไร","Doanh thu":"ยอดรวมรายได้","Tiền nạp":"ยอดเติม","Tiền tiêu":"ยอดใช้จ่าย","Đơn hàng gần đây":"คำสั่งซื้อล่าสุด","Chưa cấu hình ví tiền điện tử.":"Chưa cấu hình ví tiền điện tử.","Chưa cấu hình API nạp thẻ.":"Chưa cấu hình API nạp thẻ.","Số dư hiện tại":"ยอดคงเหลือปัจจุบัน","vào tháng trước":"เมื่อเดือนที่แล้ว","Tổng tiền nạp tháng":"ยอดเติมเดือน","Tổng đơn của bạn":"ยอดสั่งซื้อทั้งหมดของคุณ","Thống kê đơn hàng":"สถิติการสั่งซื้อ","Dữ liệu đơn hàng":"ข้อมูลการสั่งซื้อ","Phân tích dòng tiền":"การวิเคราะห์กระแสเงินสด","Đơn hàng":"คำสั่งซื้อ","đơn":"ออเดอร์","Thông tin tài khoản":"ข้อมูลบัญชี","Cấp bậc hiện tại":"อันดับปัจจุบัน","Số tiền đã nạp":"ยอดเคยเติมทั้งหมด","Tổng tiền nạp tháng :month":"ยอดเติมทั้งหมดเดือน  :month","Đổi token":"เปลี่ยน token","Thay đổi mật khẩu":"เปลี่ยนรหัสผ่าน","Lịch sử hoạt động":"ประวัติการดำเนินงาน","Bạn sẽ không thể hoàn tác điều này!":"คุณจะไม่สามารถยกเลิกรายการ","Tên Đăng Nhập ":"ชื่อผู้ใช้","Ngày Đăng Ký":"วันที่ลงทะเบียน","Số Tiền Hiện Có":"จำนวนเงินปัจจุบัน","Địa chỉ e-mail":"ที่อยู่อีเมล","Ngày Cập Nhật":"อัปเดตวันที่","Tổng Tiền Đã Nạp":"ยอดเงินฝากทั้งหมด","Mật Khẩu Cũ":"รหัสผ่านใหม่","Mật Khẩu Mới":"เปลี่ยนรหัสผ่าน","Xác Nhận Mật Khẩu":"ยืนยันรหัสผ่าน","Nhập mật khẩu mới":"ป้อนรหัสผ่านใหม่","Nhập lại mật khẩu mới":"ป้อนรหัสผ่านใหม่อีกครั้ง","Đang chờ":"กำลังรอ","Đang hoạt động":"ใช้งานอยู่","Hoàn thành":"เสร็จสิ้น","Đã huỷ":"ยกเลิก","Hoàn tiền":"คืนเงิน","Chọn tất cả":"เลือกทั้งหมด","Trạng thái":"สถานะ","Lọc dữ liệu":"ฟิลเตอร์ข้อมูล","Cập nhật đơn hàng":"อัพเดทออเดอร์","Yêu cầu huỷ đơn":"ขอยกเลิก","Yêu cầu bảo hành":"ประกัน","Chạy lại đơn":"ทำรายการอีกครั้ง","Bạn có chắc muốn thực hiện hành động này?":"คุณแน่ใจหรือไม่ว่าต้องการดำเนินการ","Đơn hàng sau khi huỷ sẽ được hoàn tiền sau 2-3 giờ!":"คำสั่งซื้อหลังจากการยกเลิกจะได้รับเงินคืนภายใน 2-3 ชั่วโมง!","Cập nhật trạng thái đơn hàng mới nhất ở hiện tại!":"อัพเดทสถานะการสั่งซื้อล่าสุดในขณะนี้!","Yêu cầu bảo hành sẽ được xử lý trong vòng 24h!":"Yêu cầu bảo hành sẽ được xử lý trong vòng 24h!","Điều khoản sử dụng dịch vụ":"เงื่อนไขการใช้บริการ","Lịch sử giao dịch":"ประวัติการทำธุรกรรม","ID":"ID","Mã đơn":"รหัสรายการ","Cập nhật":"อัปเดต","Thêm mới":"เพิ่มใหม่","Xoá":"ลบ","Ưu tiên":"สำคัญ","Thao tác":"Thao tác","Tên chuyên mục":"ชื่อหมวดหมู่","Thời gian thêm":"Thời gian thêm","Hoạt động":"งาน","Bạn sẽ không thể khôi phục lại dữ liệu này!":"คุณจะไม่สามารถกู้คืนข้อมูลนี้ได้!","Xóa":"ลบ","Vui lòng chọn ít nhất 1 dòng để xóa":"Vui lòng chọn ít nhất 1 dòng để xóa","Tên dịch vụ":"ชื่อบริการ","Rate per 1000":"ราคาต่อ 1,000","Min order":"สั่งขั้นต่ำ","Max order":"คำสั่งซื้อสูงสุด","Description":"Description","Nhập dịch vụ":"เข้าใช้บริการ","Đổi chuyên mục":"เปลี่ยนหมวดหมู่","Action":"Action","Name":"Name","Provider":"Provider","Category":"Category","Type":"Type","Rate Per 1k":"ราคาต่อ 1,000","Min\/Max":"ขั้นต่ำ\/สูงสุด","Status":"Status","Created At":"Created At","Tìm kiếm chuyên mục":"ค้นหาหมวดหมู่","Tìm kiếm nhà cung cấp":"Tìm kiếm nhà cung cấp","Vui lòng chọn ít nhất 1 dòng để thay đổi":"Vui lòng chọn ít nhất 1 dòng để thay đổi","Chọn chuyên mục mới":"เลือกหมวดหมู่ใหม่","Vui lòng chọn chuyên mục":"Vui lòng chọn chuyên mục","Vui lòng nhập ID chuyên mục mới":"Vui lòng nhập ID chuyên mục mới","Mã tiền tệ":"Mã tiền tệ","Ký hiệu tiền tệ":"สัญลักษณ์สกุลเงิน","Tỷ giá tiền tệ":"Tỷ giá tiền tệ","Tách đơn vị ngàn":"Tách đơn vị ngàn","Phân số thập phân":"Phân số thập phân","Số thập phân của tiền tệ":"Số thập phân của tiền tệ","Ngày thêm":"เพิ่มวันที่แล้ว","Vị trí của ký hiệu tiền tệ":"Vị trí của ký hiệu tiền tệ","Trái":"ซ้าย","Phải":"ขวา","Nếu bạn không muốn thay đổi Tỷ giá tiền tệ thì hãy để trường tỷ giá tiền tệ này thành 1":"Nếu bạn không muốn thay đổi Tỷ giá tiền tệ thì hãy để trường tỷ giá tiền tệ này thành 1","Lưu ý: chức năng này không thay đổi được loại tiền tệ ban đầu của hệ thống":"Lưu ý: chức năng này không thay đổi được loại tiền tệ ban đầu của hệ thống","Sử dụng để đồng bộ hóa và thêm hàng loạt dịch vụ":"Sử dụng để đồng bộ hóa và thêm hàng loạt dịch vụ","Tự động làm tròn đến X chữ số thập phân":"Tự động làm tròn đến X chữ số thập phân","Áp dụng khi bạn tìm nạp, đồng bộ hóa tất cả các dịch vụ từ nhà cung cấp SMM":"Áp dụng khi bạn tìm nạp, đồng bộ hóa tất cả các dịch vụ từ nhà cung cấp SMM","Định dạng mẫu: :example":"รูปแบบตัวอย่าง: :example","Cập nhật loại tiền tệ thành công":"อัปเดตสกุลเงินสำเร็จ","Danh sách Nền tảng":"รายชื่อแพลตฟอร์ม","Danh sách Phân loại":"รายการจำแนกประเภท","Danh sách Dịch vụ":"รายการบริการ","Quản lý API Provider":"Quản lý API Provider","Tuỳ chỉnh giao diện":"ปรับแต่งอินเทอร์เฟซ","Không sử dụng":"ไม่ใช้งาน","Mặt định":"ค่าเริ่มต้น","Hiện đại":"ทันสมัย","Cổ điển":"คลาสสิค","Mẫu trang giới thiệu":"แม่แบบหน้าแนะนำ","Chọn mẫu":"เลือกเทมเพลต","Mặc định":"ค่าเริ่มต้น","Form Beta (Mượt hơn)":"Form Beta (Mượt hơn)","Bật":"เปิด","Tắt":"ปิด","Chuyển khoản ngân hàng":"โอนเงินผ่านธนาคาร","Perfect Money":"Perfect Money","Tuỳ chỉnh ẩn hoặc hiện tại thanh menu":"Tuỳ chỉnh ẩn hoặc hiện tại thanh menu","Đăng nhập":"เข้าสู่ระบบ","Đăng Nhập Vào Hệ Thống":"เข้าสู่ระบบ","Đăng Nhập":"เข้าสู่ระบบ","Tên tài khoản":"ชื่อบัญชี","Mật khẩu truy cập":"รหัสผ่านการเข้าถึง","Quên mật khẩu?":"ลืมรหัสผ่าน","Đăng Nhập Ngay":"เข้าสู่ระบบ","Chưa có tài khoản?":"ยังไม่มีบัญชี","Đăng ký ngay":"ลงทะเบียนตอนนี้","Close":"Close","Xem":"ดู","Đăng ký":"ลงทะเบียน","Reset Password":"Reset Password","Email Address":"ที่อยู่อีเมล","Send Password Reset Link":"Send Password Reset Link","Đăng Ký Tài Khoản":"ลงทะเบียนบัญชี","Đăng Ký":"ลงทะเบียน","Địa chỉ email":"ที่อยู่อีเมล","Mật khẩu bảo mật":"ความปลอดภัยของรหัสผ่าน","Đồng ý tất cả":"ตกลงทั้งหมด","quy định sử dụng":"กฎระเบียบการใช้งาน","Đăng Ký Ngay":"สมัคเลย","Bạn đã có tài khoản?":"มีบัญชีอผุ้ใช้หรือยังครับ","Đăng nhập ngay":"เข้าสู่ระบบ","Mật khẩu":"รหัสผ่าน",":attribute không được để trống":":attribute  ไม่สามารถเว้นว่างได้",":attribute phải là chuỗi":":attribute ต้องเป็นสตริง","Thông báo":"Thông báo","Trang tạo đơn hàng":"Trang tạo đơn hàng","Tài khoản :username đã được khởi tạo":"Tài khoản :username đã được khởi tạo","Đăng nhập thành công; Số dư hiện tại :balance":"เข้าสู่ระบบสำเร็จ;  ยอดคงเหลือ :balance","Đăng nhập thành công, đang chuyển hướng...":"เข้าสู่ระบบสำเร็จ","Ngân hàng":"Ngân hàng","Số tài khoản":"Số tài khoản","Chủ tài khoản":"Chủ tài khoản","Nội dung chuyển":"Nội dung chuyển","Đóng":"Đóng","Nạp qua Paypal":"Nạp qua Paypal","Faqs":"Faqs","Điều khoản sử dụng":"Điều khoản sử dụng","Bảng điều khiển truyền thông xã hội tốt nhất trên thế giới!":"Bảng điều khiển truyền thông xã hội tốt nhất trên thế giới!","Quản lý tất cả các mạng truyền thông xã hội từ một bảng điều khiển duy nhất, chất lượng và giá rẻ. Chúng tôi cung cấp dịch vụ trên các mạng xã hội phổ biến nhất hiện nay. Chúng tôi có Instagram, Twitter, Facebook, Youtube, TikTok, Spotify và nhiều dịch vụ khác.":"Quản lý tất cả các mạng truyền thông xã hội từ một bảng điều khiển duy nhất, chất lượng và giá rẻ. Chúng tôi cung cấp dịch vụ trên các mạng xã hội phổ biến nhất hiện nay. Chúng tôi có Instagram, Twitter, Facebook, Youtube, TikTok, Spotify và nhiều dịch vụ khác.","Chúng tôi đang giúp thống trị mạng xã hội với bảng điều khiển mạng xã hội lớn nhất.":"Chúng tôi đang giúp thống trị mạng xã hội với bảng điều khiển mạng xã hội lớn nhất.","Chúng tôi chỉ hoạt động hỗ trợ 24 giờ một ngày và bảy lần một tuần với tất cả các nhu cầu và dịch vụ của bạn suốt cả ngày. Đừng đi đâu khác. Chúng tôi sẵn sàng phục vụ bạn và giúp đỡ bạn với tất cả các nhu cầu SMM của bạn. Người dùng hoặc Khách hàng có đơn đặt hàng SMM và cần dịch vụ SMM GIÁ RẺ sẽ được chào đón nhiều hơn trong PANEL SMM của chúng tôi.":"Chúng tôi chỉ hoạt động hỗ trợ 24 giờ một ngày và bảy lần một tuần với tất cả các nhu cầu và dịch vụ của bạn suốt cả ngày. Đừng đi đâu khác. Chúng tôi sẵn sàng phục vụ bạn và giúp đỡ bạn với tất cả các nhu cầu SMM của bạn. Người dùng hoặc Khách hàng có đơn đặt hàng SMM và cần dịch vụ SMM GIÁ RẺ sẽ được chào đón nhiều hơn trong PANEL SMM của chúng tôi.","Đa dạng dịch vụ":"Đa dạng dịch vụ","Chất lượng tuyệt vời":"Chất lượng tuyệt vời","Giá không thể tin được":"Giá không thể tin được","Nhiều phương thức thanh toán":"Nhiều phương thức thanh toán","Đại lý":"Đại lý","Dịch vụ chất lượng cao":"Dịch vụ chất lượng cao","Hỗ trợ":"Hỗ trợ","Hỗ trợ API":"Hỗ trợ API","Thanh toán an toàn":"Thanh toán an toàn","Các câu hỏi thường gặp":"Các câu hỏi thường gặp","Chúng tôi đã trả lời một số câu hỏi thường gặp nhất trong hội thảo của mình.":"Chúng tôi đã trả lời một số câu hỏi thường gặp nhất trong hội thảo của mình.","Cung cấp dịch vụ trên tất cả các mạng xã hội":"Cung cấp dịch vụ trên tất cả các mạng xã hội","Bảng điều khiển dịch vụ SMM tốt nhất và rẻ nhất trực tuyến cho TikTok, Instagram, YouTube, Facebook, Spotify, Telegram, Twitch, Twitter, Lưu lượng truy cập trang web, LinkedIn, Discord và SoundCloud từ Nhà cung cấp :provider SMM.":"Bảng điều khiển dịch vụ SMM tốt nhất và rẻ nhất trực tuyến cho TikTok, Instagram, YouTube, Facebook, Spotify, Telegram, Twitch, Twitter, Lưu lượng truy cập trang web, LinkedIn, Discord và SoundCloud từ Nhà cung cấp :provider SMM.","Hệ thống cron đang gặp lỗi hoặc bạn chưa cron; nếu chưa hãy cron 2 link sau:":"Hệ thống cron đang gặp lỗi hoặc bạn chưa cron; nếu chưa hãy cron 2 link sau:"}